year,region,students_performance
2019,control,73.652969
2019,control,72.430664
2019,control,67.759575
2019,control,74.221611
2019,control,78.16391
2019,control,70.175385
2019,control,69.376793
2019,control,70.697929
2019,control,83.776703
2019,control,69.959572
2019,control,81.189079
2019,control,73.895149
2019,control,77.459595
2019,control,75.236992
2019,control,82.255714
2019,control,85.377007
2019,control,78.787537
2019,control,82.376778
2019,control,83.435707
2019,control,90.394402
2019,control,66.862289
2019,control,74.464851
2019,control,72.644806
2019,control,73.989037
2019,control,77.716805
2019,control,72.181374
2019,control,76.832993
2019,control,86.353462
2019,control,81.527397
2019,control,76.556252
2019,control,76.017319
2019,control,76.613594
2019,control,79.408195
2019,control,72.116142
2019,control,84.157295
2019,control,70.071373
2019,control,62.641777
2019,control,72.837212
2019,control,76.298615
2019,control,75.386841
2019,control,69.08371
2019,control,71.015526
2019,control,67.607071
2019,control,70.462181
2019,control,76.448875
2019,control,83.224838
2019,control,64.380524
2019,control,68.929054
2019,control,78.450722
2019,control,84.380852
2019,control,71.204338
2019,control,78.776955
2019,control,78.070831
2019,control,72.940613
2019,control,76.620834
2019,control,71.501373
2019,control,70.908897
2019,control,75.909332
2019,control,70.478416
2019,control,76.160248
2019,control,72.654121
2019,control,81.834373
2019,control,71.257568
2019,control,68.944916
2019,control,64.803841
2019,control,69.351463
2019,control,76.224831
2019,control,77.00856
2019,control,66.434326
2019,control,71.740822
2019,control,83.382187
2019,control,67.962685
2019,control,75.026222
2019,control,81.006073
2019,control,64.80938
2019,control,78.854324
2019,control,73.75518
2019,control,71.218246
2019,control,76.920326
2019,control,78.11425
2019,control,74.288101
2019,control,73.242432
2019,control,69.592262
2019,control,80.896484
2019,control,68.477654
2019,control,72.120911
2019,control,79.2883
2019,control,68.007164
2019,control,80.187698
2019,control,70.958511
2019,control,76.218437
2019,control,76.668312
2019,control,70.801392
2019,control,76.97226
2019,control,85.303741
2019,control,69.661896
2019,control,75.062965
2019,control,75.092094
2019,control,79.067551
2019,control,79.875595
2019,control,70.863846
2019,control,76.688011
2019,control,67.888733
2019,control,79.361603
2019,control,72.042145
2019,control,75.496658
2019,control,71.407776
2019,control,79.857857
2019,control,72.347496
2019,control,72.959625
2019,control,75.122551
2019,control,74.438362
2019,control,72.993896
2019,control,74.836525
2019,control,83.143074
2019,control,76.554535
2019,control,79.15168
2019,control,77.596733
2019,control,71.134949
2019,control,72.115479
2019,control,74.360413
2019,control,72.348709
2019,control,76.661568
2019,control,70.872513
2019,control,77.064659
2019,control,74.349281
2019,control,79.178459
2019,control,78.409767
2019,control,70.719582
2019,control,75.337593
2019,control,77.975784
2019,control,82.399719
2019,control,82.663696
2019,control,75.105019
2019,control,72.003036
2019,control,73.448669
2019,control,71.767136
2019,control,77.882782
2019,control,76.069901
2019,control,74.904922
2019,control,79.752121
2019,control,75.484978
2019,control,63.944324
2019,control,76.352287
2019,control,76.17807
2019,control,64.662788
2019,control,78.141731
2019,control,74.669601
2019,control,73.369881
2019,control,84.547081
2019,control,77.649017
2019,control,63.490395
2019,control,72.465286
2019,control,71.746788
2019,control,69.010612
2019,control,75.379021
2019,control,78.348366
2019,control,72.895081
2019,control,74.686607
2019,control,75.370476
2019,control,74.938766
2019,control,77.520233
2019,control,76.634636
2019,control,85.949013
2019,control,71.035637
2019,control,75.432945
2019,control,72.038033
2019,control,77.48999
2019,control,77.572197
2019,control,71.614189
2019,control,79.147026
2019,control,73.556709
2019,control,78.587708
2019,control,72.61171
2019,control,69.96991
2019,control,75.578377
2019,control,71.686882
2019,control,68.398834
2019,control,79.796356
2019,control,75.234901
2019,control,80.292122
2019,control,74.4562
2019,control,76.855728
2019,control,72.923561
2019,control,70.507927
2019,control,74.907433
2019,control,78.43026
2019,control,79.127083
2019,control,72.749672
2019,control,70.855026
2019,control,75.176315
2019,control,75.586639
2019,control,74.264709
2019,control,70.888901
2019,control,74.895493
2019,control,68.085999
2019,control,68.099495
2019,control,75.240425
2019,control,66.967766
2019,control,78.051849
2019,control,69.823792
2019,control,72.371223
2019,control,77.69455
2019,control,78.120598
2019,control,72.703194
2019,control,77.81485
2019,control,75.751968
2019,control,66.692398
2019,control,69.813766
2019,control,73.932762
2019,control,67.32943
2019,control,80.493881
2019,control,71.980072
2019,control,74.427299
2019,control,72.23175
2019,control,78.756935
2019,control,78.558075
2019,control,80.897202
2019,control,74.048309
2019,control,73.393074
2019,control,66.206299
2019,control,79.63089
2019,control,79.775711
2019,control,72.449921
2019,control,73.904495
2019,control,78.226883
2019,control,78.736465
2019,control,81.388321
2019,control,76.708778
2019,control,74.20031
2019,control,77.885361
2019,control,82.75576
2019,control,70.222298
2019,control,67.424042
2019,control,85.765915
2019,control,82.615623
2019,control,73.624741
2019,control,66.652977
2019,control,72.199097
2019,control,76.886505
2019,control,73.650627
2019,control,70.750778
2019,control,70.106178
2019,control,74.72226
2019,control,81.388382
2019,control,77.394897
2019,control,71.183701
2019,control,72.003128
2019,control,75.242607
2019,control,77.852997
2019,control,73.754822
2019,control,74.74881
2019,control,85.461937
2019,control,80.718773
2019,control,78.958313
2019,control,76.120461
2019,control,75.48838
2019,control,66.483086
2019,control,65.646042
2019,control,74.554398
2019,control,70.62191
2019,control,73.911591
2019,control,76.241104
2019,control,75.357834
2019,control,80.790558
2019,control,75.601479
2019,control,81.769363
2019,control,70.693581
2019,control,69.703934
2019,control,80.031464
2019,control,70.112221
2019,control,73.077225
2019,control,80.838913
2019,control,74.960136
2019,control,71.163261
2019,control,79.355621
2019,control,70.300598
2019,control,70.845253
2019,control,77.504585
2019,control,65.975586
2019,control,77.735489
2019,control,76.272102
2019,control,82.20784
2019,control,75.91671
2019,control,72.564377
2019,control,72.778534
2019,control,67.027863
2019,control,76.692482
2019,control,73.80526
2019,control,69.98735
2019,control,73.984772
2019,control,78.192963
2019,control,82.511787
2019,control,72.561966
2019,control,72.11554
2019,control,81.843155
2019,control,84.823624
2019,control,70.513725
2019,control,80.597878
2019,control,70.680046
2020,control,69.88604
2020,control,76.886063
2020,control,76.843369
2020,control,71.499397
2020,control,76.219002
2020,control,75.232185
2020,control,79.820435
2020,control,78.638145
2020,control,66.657082
2020,control,69.649574
2020,control,69.991898
2020,control,69.800468
2020,control,66.535217
2020,control,68.052139
2020,control,62.502972
2020,control,73.391823
2020,control,76.713623
2020,control,81.820702
2020,control,69.208176
2020,control,75.393173
2020,control,80.863647
2020,control,75.521004
2020,control,71.59008
2020,control,77.762451
2020,control,76.395111
2020,control,70.087563
2020,control,68.585037
2020,control,74.523521
2020,control,69.518623
2020,control,80.112854
2020,control,79.981331
2020,control,72.223999
2020,control,77.283768
2020,control,75.143723
2020,control,70.051857
2020,control,75.600159
2020,control,76.087166
2020,control,68.59848
2020,control,78.039482
2020,control,69.284973
2020,control,79.623169
2020,control,67.080482
2020,control,82.972527
2020,control,77.848839
2020,control,65.552299
2020,control,76.760277
2020,control,72.489731
2020,control,78.213615
2020,control,78.227425
2020,control,74.761444
2020,control,74.551323
2020,control,84.405785
2020,control,64.791328
2020,control,72.144104
2020,control,71.76532
2020,control,75.989555
2020,control,77.202377
2020,control,76.122261
2020,control,67.118042
2020,control,79.703857
2020,control,74.508301
2020,control,82.827621
2020,control,72.859421
2020,control,65.008995
2020,control,73.146927
2020,control,77.478409
2020,control,70.057045
2020,control,72.205391
2020,control,74.711906
2020,control,76.095749
2020,control,80.743828
2020,control,79.350342
2020,control,71.641884
2020,control,76.005493
2020,control,74.671249
2020,control,77.470154
2020,control,73.793823
2020,control,74.136864
2020,control,69.482056
2020,control,80.804131
2020,control,66.30143
2020,control,78.491119
2020,control,80.586479
2020,control,79.990051
2020,control,68.329872
2020,control,76.041916
2020,control,66.773003
2020,control,68.742302
2020,control,81.99678
2020,control,71.594742
2020,control,75.13443
2020,control,76.119568
2020,control,69.867424
2020,control,76.979019
2020,control,80.94735
2020,control,78.193649
2020,control,74.878227
2020,control,77.718002
2020,control,76.96743
2020,control,71.230179
2020,control,77.120827
2020,control,76.824806
2020,control,83.16716
2020,control,83.210075
2020,control,71.805191
2020,control,73.876831
2020,control,69.268272
2020,control,68.384552
2020,control,78.541779
2020,control,85.383743
2020,control,82.869934
2020,control,71.742912
2020,control,74.765396
2020,control,67.217087
2020,control,72.738472
2020,control,77.127289
2020,control,80.049088
2020,control,77.862915
2020,control,80.235489
2020,control,73.764114
2020,control,71.881157
2020,control,75.752098
2020,control,79.251106
2020,control,74.01825
2020,control,73.512184
2020,control,80.527626
2020,control,74.813889
2020,control,75.627884
2020,control,82.516991
2020,control,80.247765
2020,control,71.736877
2020,control,77.200073
2020,control,82.382698
2020,control,82.503799
2020,control,76.732445
2020,control,73.461105
2020,control,78.545021
2020,control,67.759933
2020,control,74.90181
2020,control,70.158279
2020,control,83.068558
2020,control,78.79464
2020,control,75.933044
2020,control,79.418297
2020,control,67.035034
2020,control,76.606789
2020,control,76.732521
2020,control,80.975235
2020,control,85.816277
2020,control,74.981987
2020,control,76.193947
2020,control,77.109604
2020,control,85.441872
2020,control,86.262177
2020,control,80.368156
2020,control,81.392258
2020,control,74.249725
2020,control,73.596626
2020,control,72.1315
2020,control,78.85849
2020,control,79.203217
2020,control,83.637718
2020,control,70.043037
2020,control,77.238541
2020,control,79.38681
2020,control,78.505867
2020,control,73.253708
2020,control,64.005974
2020,control,77.150208
2020,control,73.704788
2020,control,85.711349
2020,control,74.872231
2020,control,83.41964
2020,control,73.71312
2020,control,79.267075
2020,control,74.807457
2020,control,84.233185
2020,control,70.165123
2020,control,68.861961
2020,control,75.526878
2020,control,83.988434
2020,control,83.679817
2020,control,60.518723
2020,control,78.204216
2020,control,73.187798
2020,control,78.929001
2020,control,75.970451
2020,control,80.93515
2020,control,80.151421
2020,control,87.198761
2020,control,81.921364
2020,control,71.540459
2020,control,74.641991
2020,control,64.233047
2020,control,76.303368
2020,control,77.819542
2020,control,75.640526
2020,control,71.993164
2020,control,74.50412
2020,control,77.750259
2020,control,69.893837
2020,control,78.6632
2020,control,72.531219
2020,control,75.298149
2020,control,77.385201
2020,control,72.580574
2020,control,84.0047
2020,control,67.147499
2020,control,68.87117
2020,control,75.987999
2020,control,77.614174
2020,control,67.372375
2020,control,67.846123
2020,control,81.64576
2020,control,75.955498
2020,control,87.017075
2020,control,77.181618
2020,control,74.302055
2020,control,71.55925
2020,control,77.987
2020,control,80.253273
2020,control,78.063873
2020,control,72.769081
2020,control,73.398262
2020,control,72.323822
2020,control,79.362289
2020,control,79.475967
2020,control,76.643814
2020,control,76.996117
2020,control,81.900459
2020,control,74.679306
2020,control,71.872185
2020,control,73.779221
2020,control,75.190018
2020,control,67.799744
2020,control,78.235977
2020,control,67.384064
2020,control,75.664848
2020,control,79.581642
2020,control,73.256737
2020,control,81.960014
2020,control,69.401649
2020,control,80.540916
2020,control,77.97377
2020,control,79.908829
2020,control,74.687035
2020,control,68.200722
2020,control,74.134644
2020,control,69.732925
2020,control,72.705582
2020,control,76.40596
2020,control,82.200584
2020,control,80.393402
2020,control,71.554062
2020,control,71.228622
2020,control,75.077896
2020,control,76.246918
2020,control,81.586967
2020,control,78.261612
2020,control,73.594498
2020,control,84.57016
2020,control,74.79921
2020,control,72.179604
2020,control,78.251007
2020,control,78.73127
2020,control,75.982605
2020,control,70.76519
2020,control,82.218826
2020,control,72.661491
2020,control,77.26767
2020,control,78.067589
2020,control,82.887268
2020,control,72.248474
2020,control,72.584068
2020,control,71.618042
2020,control,76.216698
2020,control,75.384109
2020,control,81.878532
2020,control,74.046585
2020,control,76.598907
2020,control,76.909676
2020,control,68.526596
2020,control,78.175858
2020,control,76.513176
2020,control,62.880604
2020,control,78.802071
2020,control,73.375847
2020,control,60.757286
2020,control,75.259727
2020,control,74.59642
2020,control,72.76783
2020,control,75.899467
2020,control,73.033302
2020,control,79.591583
2020,control,86.454712
2020,control,74.589241
2020,control,74.772072
2020,control,67.678123
2020,control,73.89518
2020,control,85.376305
2021,control,71.105598
2021,control,82.627647
2021,control,71.008217
2021,control,71.259865
2021,control,79.836143
2021,control,73.493416
2021,control,74.501984
2021,control,78.15049
2021,control,73.474167
2021,control,65.907318
2021,control,75.054817
2021,control,64.630722
2021,control,73.221756
2021,control,79.4431
2021,control,80.683739
2021,control,81.049393
2021,control,81.345169
2021,control,74.033707
2021,control,91.205536
2021,control,75.670715
2021,control,77.663658
2021,control,71.527641
2021,control,70.627945
2021,control,71.777893
2021,control,76.86898
2021,control,78.924217
2021,control,72.20089
2021,control,71.96962
2021,control,83.301392
2021,control,67.158447
2021,control,73.945473
2021,control,72.181152
2021,control,76.187904
2021,control,67.164337
2021,control,73.833359
2021,control,75.68203
2021,control,76.733765
2021,control,64.376648
2021,control,71.567039
2021,control,78.138161
2021,control,70.119064
2021,control,76.082306
2021,control,68.510101
2021,control,77.258652
2021,control,70.207283
2021,control,78.394058
2021,control,74.576828
2021,control,76.932419
2021,control,72.954514
2021,control,86.094711
2021,control,81.825577
2021,control,76.245796
2021,control,68.208412
2021,control,63.118801
2021,control,77.819695
2021,control,74.107605
2021,control,73.405876
2021,control,79.239708
2021,control,75.119019
2021,control,81.176926
2021,control,78.413605
2021,control,72.916908
2021,control,74.552757
2021,control,72.716125
2021,control,73.062569
2021,control,78.596695
2021,control,70.24807
2021,control,81.32579
2021,control,88.187813
2021,control,77.796013
2021,control,80.11599
2021,control,71.224106
2021,control,73.081894
2021,control,73.780945
2021,control,75.652199
2021,control,68.968552
2021,control,74.389076
2021,control,83.546295
2021,control,72.563354
2021,control,78.934052
2021,control,61.723839
2021,control,69.641914
2021,control,69.928032
2021,control,76.835869
2021,control,84.934647
2021,control,74.122665
2021,control,76.899902
2021,control,74.826591
2021,control,70.191345
2021,control,81.724968
2021,control,82.807243
2021,control,73.093483
2021,control,79.477104
2021,control,60.878689
2021,control,72.909813
2021,control,70.721489
2021,control,73.884377
2021,control,80.640236
2021,control,73.64473
2021,control,82.108292
2021,control,79.131805
2021,control,75.871895
2021,control,84.51046
2021,control,79.040276
2021,control,75.223129
2021,control,79.503868
2021,control,77.572151
2021,control,71.188736
2021,control,73.628395
2021,control,69.390411
2021,control,78.721931
2021,control,66.08683
2021,control,80.669907
2021,control,70.160889
2021,control,74.304276
2021,control,72.022247
2021,control,84.662926
2021,control,75.343964
2021,control,79.660225
2021,control,69.971588
2021,control,78.17347
2021,control,73.724098
2021,control,74.850815
2021,control,74.638092
2021,control,80.016525
2021,control,72.973854
2021,control,72.126755
2021,control,79.759674
2021,control,76.855835
2021,control,71.023766
2021,control,72.576492
2021,control,76.305984
2021,control,69.879303
2021,control,77.80954
2021,control,80.620033
2021,control,71.149002
2021,control,78.316833
2021,control,79.211319
2021,control,74.841789
2021,control,75.142899
2021,control,72.795753
2021,control,73.693954
2021,control,70.367348
2021,control,74.221626
2021,control,67.266479
2021,control,75.102425
2021,control,73.003387
2021,control,76.993149
2021,control,72.010178
2021,control,75.617165
2021,control,73.378967
2021,control,75.361092
2021,control,77.289093
2021,control,77.685936
2021,control,74.631264
2021,control,83.439819
2021,control,66.397804
2021,control,74.439331
2021,control,84.73941
2021,control,72.228935
2021,control,84.430916
2021,control,73.281204
2021,control,83.363388
2021,control,76.748955
2021,control,70.850082
2021,control,75.579277
2021,control,75.856026
2021,control,70.464386
2021,control,78.33577
2021,control,70.603233
2021,control,77.805527
2021,control,79.991539
2021,control,76.861794
2021,control,77.973663
2021,control,82.846581
2021,control,77.745468
2021,control,69.900986
2021,control,80.245232
2021,control,79.655548
2021,control,77.384079
2021,control,74.360565
2021,control,72.594734
2021,control,76.137909
2021,control,72.865479
2021,control,78.602867
2021,control,68.048607
2021,control,68.639885
2021,control,75.815125
2021,control,81.374664
2021,control,79.280289
2021,control,77.076431
2021,control,80.231552
2021,control,76.855392
2021,control,75.133163
2021,control,77.357994
2021,control,83.316879
2021,control,70.473358
2021,control,71.481041
2021,control,74.337601
2021,control,71.851273
2021,control,70.243484
2021,control,75.346558
2021,control,77.58387
2021,control,82.703438
2021,control,80.983185
2021,control,76.431839
2021,control,71.655884
2021,control,77.997421
2021,control,73.404861
2021,control,78.629372
2021,control,80.389801
2021,control,69.531555
2021,control,69.902336
2021,control,75.853348
2021,control,71.899277
2021,control,76.242844
2021,control,77.076828
2021,control,74.325516
2021,control,67.424042
2021,control,75.806351
2021,control,75.458008
2021,control,81.942253
2021,control,77.422798
2021,control,83.715256
2021,control,76.211922
2021,control,67.230171
2021,control,71.599983
2021,control,67.95224
2021,control,81.645081
2021,control,73.108208
2021,control,74.824471
2021,control,80.788498
2021,control,82.301102
2021,control,82.956215
2021,control,80.004372
2021,control,60.633247
2021,control,74.395889
2021,control,85.527473
2021,control,71.102043
2021,control,71.479218
2021,control,74.739227
2021,control,81.178398
2021,control,75.590256
2021,control,79.070396
2021,control,75.125656
2021,control,76.213036
2021,control,81.814568
2021,control,73.942261
2021,control,75.06179
2021,control,75.574951
2021,control,70.442802
2021,control,67.716393
2021,control,84.101257
2021,control,78.787254
2021,control,69.344795
2021,control,71.244041
2021,control,74.271698
2021,control,74.649658
2021,control,68.457092
2021,control,74.045334
2021,control,83.793068
2021,control,76.656441
2021,control,74.717751
2021,control,75.548401
2021,control,72.826279
2021,control,67.427269
2021,control,72.48407
2021,control,79.596481
2021,control,82.11438
2021,control,76.707787
2021,control,74.009682
2021,control,65.864136
2021,control,73.762993
2021,control,79.807922
2021,control,73.978233
2021,control,75.944427
2021,control,80.982224
2021,control,80.168648
2021,control,81.063698
2021,control,81.827988
2021,control,73.566124
2021,control,70.238342
2021,control,85.55262
2021,control,84.606483
2021,control,70.562805
2021,control,80.775398
2021,control,77.807999
2021,control,74.787331
2021,control,71.503937
2021,control,63.425339
2021,control,77.501854
2021,control,74.107574
2021,control,77.381531
2021,control,72.560181
2021,control,71.480148
2021,control,78.950638
2021,control,80.939392
2021,control,76.122208
2021,control,76.192497
2021,control,78.705528
2022,control,75.866707
2022,control,81.606522
2022,control,75.25444
2022,control,70.506081
2022,control,71.20752
2022,control,80.58699
2022,control,71.576851
2022,control,76.232521
2022,control,69.09594
2022,control,68.369759
2022,control,70.009697
2022,control,77.460091
2022,control,73.214851
2022,control,69.853142
2022,control,78.704124
2022,control,73.212776
2022,control,65.149483
2022,control,69.442711
2022,control,78.923019
2022,control,75.104431
2022,control,77.107933
2022,control,76.778069
2022,control,81.864243
2022,control,74.642006
2022,control,77.959068
2022,control,75.42659
2022,control,74.049805
2022,control,79.936676
2022,control,75.509285
2022,control,76.818161
2022,control,75.948532
2022,control,70.217819
2022,control,72.320992
2022,control,74.044861
2022,control,80.96254
2022,control,68.738029
2022,control,76.598259
2022,control,71.792564
2022,control,74.098045
2022,control,82.449318
2022,control,77.508911
2022,control,77.672531
2022,control,71.853683
2022,control,77.439362
2022,control,69.980209
2022,control,68.747963
2022,control,75.923706
2022,control,82.555771
2022,control,78.022575
2022,control,74.756737
2022,control,79.450989
2022,control,72.739548
2022,control,72.896194
2022,control,76.153503
2022,control,71.762291
2022,control,77.288864
2022,control,76.036339
2022,control,78.598793
2022,control,72.964821
2022,control,75.071365
2022,control,76.219765
2022,control,75.758789
2022,control,74.972023
2022,control,79.46299
2022,control,83.976059
2022,control,76.73838
2022,control,69.64473
2022,control,72.012451
2022,control,70.857513
2022,control,84.882202
2022,control,67.178795
2022,control,68.804466
2022,control,63.940689
2022,control,78.576904
2022,control,73.229797
2022,control,74.582809
2022,control,77.488716
2022,control,85.447693
2022,control,76.306252
2022,control,74.120728
2022,control,68.348434
2022,control,65.769058
2022,control,73.39666
2022,control,90.549591
2022,control,75.112328
2022,control,67.662376
2022,control,71.91819
2022,control,78.191963
2022,control,74.362251
2022,control,69.05294
2022,control,68.712112
2022,control,72.279427
2022,control,77.331795
2022,control,67.744118
2022,control,68.699173
2022,control,74.99646
2022,control,73.124016
2022,control,75.035316
2022,control,74.045479
2022,control,72.853775
2022,control,77.129433
2022,control,80.700745
2022,control,77.735596
2022,control,81.408218
2022,control,69.256027
2022,control,69.92453
2022,control,67.880211
2022,control,79.245514
2022,control,73.829903
2022,control,70.958672
2022,control,70.496895
2022,control,72.433929
2022,control,78.331566
2022,control,74.054398
2022,control,78.494141
2022,control,77.021477
2022,control,68.944138
2022,control,87.06308
2022,control,77.876022
2022,control,77.19751
2022,control,78.653824
2022,control,83.08606
2022,control,69.570877
2022,control,70.686119
2022,control,84.97834
2022,control,70.230301
2022,control,75.163986
2022,control,76.150352
2022,control,61.978931
2022,control,73.201157
2022,control,85.118034
2022,control,73.411423
2022,control,70.945709
2022,control,74.186035
2022,control,84.021744
2022,control,75.994743
2022,control,77.192375
2022,control,70.028252
2022,control,79.894287
2022,control,76.88205
2022,control,78.417847
2022,control,80.970551
2022,control,73.66674
2022,control,79.411667
2022,control,74.220512
2022,control,78.08503
2022,control,73.530167
2022,control,66.11882
2022,control,65.667297
2022,control,78.467392
2022,control,71.62146
2022,control,82.111847
2022,control,76.301399
2022,control,68.236649
2022,control,83.694496
2022,control,78.431595
2022,control,77.922066
2022,control,69.563774
2022,control,69.989059
2022,control,69.417381
2022,control,74.483727
2022,control,76.329391
2022,control,73.208298
2022,control,75.823807
2022,control,78.916954
2022,control,77.788452
2022,control,77.104866
2022,control,78.32962
2022,control,70.214249
2022,control,76.718941
2022,control,80.176247
2022,control,74.903702
2022,control,68.533638
2022,control,77.310303
2022,control,72.816399
2022,control,77.091988
2022,control,75.346725
2022,control,73.080147
2022,control,73.848
2022,control,73.76487
2022,control,81.178909
2022,control,66.784058
2022,control,72.25856
2022,control,70.651688
2022,control,72.605812
2022,control,70.181206
2022,control,74.084015
2022,control,77.043266
2022,control,80.259735
2022,control,73.685547
2022,control,80.299683
2022,control,75.033997
2022,control,66.107063
2022,control,77.183693
2022,control,64.233284
2022,control,67.751778
2022,control,72.131989
2022,control,78.364304
2022,control,62.188332
2022,control,67.517357
2022,control,78.894684
2022,control,78.252251
2022,control,70.390701
2022,control,77.942764
2022,control,70.847778
2022,control,73.153618
2022,control,78.720963
2022,control,69.499229
2022,control,80.571609
2022,control,68.184128
2022,control,70.378838
2022,control,81.179062
2022,control,75.098083
2022,control,66.995483
2022,control,77.612572
2022,control,73.857002
2022,control,76.250999
2022,control,73.356911
2022,control,78.033615
2022,control,75.529472
2022,control,78.590927
2022,control,73.064499
2022,control,74.620247
2022,control,69.541496
2022,control,72.208488
2022,control,71.753136
2022,control,79.194702
2022,control,71.690086
2022,control,78.396866
2022,control,75.521782
2022,control,79.608253
2022,control,80.037567
2022,control,67.009377
2022,control,78.343712
2022,control,78.401077
2022,control,82.007996
2022,control,70.09417
2022,control,82.242493
2022,control,81.059723
2022,control,71.749878
2022,control,78.953125
2022,control,79.438278
2022,control,71.698395
2022,control,79.45192
2022,control,71.997879
2022,control,83.372459
2022,control,75.170761
2022,control,80.627174
2022,control,79.434441
2022,control,74.592384
2022,control,80.485764
2022,control,73.434708
2022,control,66.370964
2022,control,70.352448
2022,control,82.902702
2022,control,72.677979
2022,control,82.098015
2022,control,77.36203
2022,control,67.484596
2022,control,70.824287
2022,control,70.489738
2022,control,72.932671
2022,control,66.961693
2022,control,72.369827
2022,control,74.939552
2022,control,72.649788
2022,control,67.410629
2022,control,77.491112
2022,control,82.420578
2022,control,83.213364
2022,control,80.563438
2022,control,66.463211
2022,control,73.03994
2022,control,77.312958
2022,control,78.477692
2022,control,67.388206
2022,control,74.669334
2022,control,73.742302
2022,control,77.31086
2022,control,71.612175
2022,control,82.667168
2022,control,85.121552
2022,control,75.800095
2022,control,72.479103
2022,control,82.745102
2022,control,78.015938
2022,control,71.913734
2022,control,75.095741
2022,control,85.498611
2022,control,73.400764
2022,control,75.248871
2022,control,73.883987
2022,control,77.503326
2022,control,68.170219
2022,control,74.09388
2022,control,75.204597
2022,control,72.563858
2022,control,82.66864
2022,control,83.30735
2022,control,75.716942
2023,control,68.791199
2023,control,84.162788
2023,control,80.454903
2023,control,79.372589
2023,control,75.018478
2023,control,84.812935
2023,control,72.258659
2023,control,79.426155
2023,control,66.725563
2023,control,69.475685
2023,control,70.255417
2023,control,73.847374
2023,control,78.752899
2023,control,80.118546
2023,control,73.167465
2023,control,64.347168
2023,control,72.544228
2023,control,70.566597
2023,control,69.244926
2023,control,67.414131
2023,control,83.425072
2023,control,79.476776
2023,control,77.074326
2023,control,73.719101
2023,control,76.934044
2023,control,77.790695
2023,control,72.417854
2023,control,83.623482
2023,control,72.076912
2023,control,72.878815
2023,control,81.318535
2023,control,75.490341
2023,control,70.807068
2023,control,70.24041
2023,control,83.520531
2023,control,77.043037
2023,control,69.78978
2023,control,74.223701
2023,control,73.817223
2023,control,71.965675
2023,control,68.003471
2023,control,74.418854
2023,control,70.37767
2023,control,84.520683
2023,control,65.438728
2023,control,72.935013
2023,control,74.630264
2023,control,82.890587
2023,control,68.519417
2023,control,76.2612
2023,control,67.974052
2023,control,76.843666
2023,control,65.89698
2023,control,74.844704
2023,control,77.499321
2023,control,78.01059
2023,control,70.366508
2023,control,79.070755
2023,control,72.919029
2023,control,76.762527
2023,control,64.3965
2023,control,82.770805
2023,control,72.749939
2023,control,72.150833
2023,control,70.451584
2023,control,76.443619
2023,control,76.914948
2023,control,74.116127
2023,control,78.725029
2023,control,69.161102
2023,control,73.242928
2023,control,62.3522
2023,control,76.288765
2023,control,87.05838
2023,control,76.478119
2023,control,72.055664
2023,control,73.500809
2023,control,70.317467
2023,control,76.320099
2023,control,79.660957
2023,control,72.434021
2023,control,75.724442
2023,control,68.158424
2023,control,72.30439
2023,control,70.199768
2023,control,69.979729
2023,control,81.144905
2023,control,74.737976
2023,control,74.691177
2023,control,64.579437
2023,control,75.52877
2023,control,72.573471
2023,control,71.345215
2023,control,72.343925
2023,control,71.980095
2023,control,78.841034
2023,control,71.405838
2023,control,79.166672
2023,control,68.983994
2023,control,72.148247
2023,control,72.719398
2023,control,82.661842
2023,control,72.368759
2023,control,71.751175
2023,control,76.620285
2023,control,75.975128
2023,control,65.361633
2023,control,78.66246
2023,control,77.7174
2023,control,74.416168
2023,control,76.505539
2023,control,66.847633
2023,control,74.83194
2023,control,71.208588
2023,control,84.935303
2023,control,77.814407
2023,control,71.267105
2023,control,76.711693
2023,control,73.240395
2023,control,81.479362
2023,control,78.2024
2023,control,74.65683
2023,control,76.670883
2023,control,73.970703
2023,control,66.118767
2023,control,82.384674
2023,control,73.32431
2023,control,72.741699
2023,control,83.777382
2023,control,67.256912
2023,control,73.630035
2023,control,70.978424
2023,control,77.674088
2023,control,81.089798
2023,control,83.736816
2023,control,74.026512
2023,control,61.262474
2023,control,71.84211
2023,control,73.562759
2023,control,79.101723
2023,control,70.81369
2023,control,75.999054
2023,control,73.605583
2023,control,72.471268
2023,control,74.679062
2023,control,64.564865
2023,control,82.605034
2023,control,80.898628
2023,control,76.083878
2023,control,74.047485
2023,control,81.115417
2023,control,77.291931
2023,control,72.35511
2023,control,73.938957
2023,control,74.204773
2023,control,69.468529
2023,control,94.631187
2023,control,72.345146
2023,control,75.119514
2023,control,75.426048
2023,control,77.975151
2023,control,77.865639
2023,control,76.931618
2023,control,78.343277
2023,control,77.316444
2023,control,78.406799
2023,control,81.029976
2023,control,72.722305
2023,control,69.349655
2023,control,70.834717
2023,control,82.36335
2023,control,72.667526
2023,control,78.127541
2023,control,73.977646
2023,control,75.970535
2023,control,71.287582
2023,control,75.217575
2023,control,81.361771
2023,control,84.243042
2023,control,72.038223
2023,control,75.387405
2023,control,83.129791
2023,control,71.813461
2023,control,72.563988
2023,control,72.323326
2023,control,71.960625
2023,control,73.783081
2023,control,73.393784
2023,control,86.093903
2023,control,69.717209
2023,control,66.070671
2023,control,84.936378
2023,control,74.065521
2023,control,63.808846
2023,control,77.273705
2023,control,82.58197
2023,control,74.245811
2023,control,74.386452
2023,control,67.416786
2023,control,77.541344
2023,control,81.707382
2023,control,85.061356
2023,control,73.852257
2023,control,71.150017
2023,control,88.465172
2023,control,69.348984
2023,control,75.919174
2023,control,76.102707
2023,control,74.01767
2023,control,79.380234
2023,control,75.466866
2023,control,71.410408
2023,control,73.792511
2023,control,77.397209
2023,control,73.705727
2023,control,66.802582
2023,control,82.81707
2023,control,76.647545
2023,control,79.927246
2023,control,75.360184
2023,control,76.792267
2023,control,79.556816
2023,control,79.345772
2023,control,76.436646
2023,control,80.678101
2023,control,74.772438
2023,control,71.822212
2023,control,71.661102
2023,control,79.757248
2023,control,76.076981
2023,control,73.07489
2023,control,81.285744
2023,control,79.982849
2023,control,75.706284
2023,control,82.408318
2023,control,78.789612
2023,control,73.037643
2023,control,74.842804
2023,control,70.757858
2023,control,74.597
2023,control,78.147652
2023,control,82.814445
2023,control,75.617737
2023,control,74.755516
2023,control,75.458763
2023,control,69.70546
2023,control,77.288429
2023,control,74.68998
2023,control,72.212883
2023,control,81.154373
2023,control,74.063354
2023,control,69.488541
2023,control,79.57695
2023,control,80.057312
2023,control,69.346924
2023,control,76.246544
2023,control,73.46096
2023,control,79.225792
2023,control,74.122177
2023,control,70.90786
2023,control,81.234459
2023,control,64.49987
2023,control,75.907135
2023,control,66.480644
2023,control,72.670975
2023,control,70.877426
2023,control,69.513489
2023,control,79.269882
2023,control,78.113556
2023,control,77.333351
2023,control,70.600929
2023,control,81.941689
2023,control,73.51696
2023,control,84.77079
2023,control,71.957054
2023,control,76.968987
2023,control,70.768417
2023,control,74.522682
2023,control,72.252296
2023,control,78.887039
2023,control,72.50135
2023,control,78.427536
2023,control,70.553795
2023,control,73.575623
2023,control,60.044319
2023,control,76.350288
2023,control,77.41938
2023,control,79.776505
2023,control,77.410332
2023,control,76.265823
2023,control,76.206612
2023,control,76.073563
2023,control,76.46096
2023,control,83.69426
2023,control,82.865097
2023,control,69.261543
2023,control,73.201851
2023,control,76.838249
2023,control,76.749001
2023,control,80.225441
2019,treated,76.28775
2019,treated,70.714211
2019,treated,70.092453
2019,treated,84.328873
2019,treated,76.465363
2019,treated,68.895782
2019,treated,68.84568
2019,treated,78.955162
2019,treated,69.878059
2019,treated,80.815819
2019,treated,82.749672
2019,treated,77.02491
2019,treated,78.909111
2019,treated,72.640343
2019,treated,76.78508
2019,treated,78.05838
2019,treated,66.184799
2019,treated,82.690186
2019,treated,82.930084
2019,treated,77.367966
2019,treated,81.334557
2019,treated,69.645538
2019,treated,76.209808
2019,treated,86.573296
2019,treated,73.882683
2019,treated,76.718094
2019,treated,75.856842
2019,treated,75.653702
2019,treated,71.996803
2019,treated,67.876259
2019,treated,76.732239
2019,treated,77.524933
2019,treated,71.135872
2019,treated,75.342812
2019,treated,75.291046
2019,treated,76.78894
2019,treated,80.154999
2019,treated,76.305275
2019,treated,69.688484
2019,treated,73.81591
2019,treated,70.453064
2019,treated,72.682915
2019,treated,72.408646
2019,treated,73.453941
2019,treated,72.18856
2019,treated,76.656319
2019,treated,75.321404
2019,treated,75.768623
2019,treated,74.627769
2019,treated,68.35907
2019,treated,82.328247
2019,treated,75.227859
2019,treated,66.962585
2019,treated,79.112724
2019,treated,65.433601
2019,treated,77.366188
2019,treated,67.820686
2019,treated,74.308678
2019,treated,73.073433
2019,treated,72.652626
2019,treated,76.16127
2019,treated,76.92659
2019,treated,85.952278
2019,treated,77.575241
2019,treated,72.671349
2019,treated,78.148148
2019,treated,65.406143
2019,treated,77.934288
2019,treated,72.767426
2019,treated,85.665169
2019,treated,79.109512
2019,treated,67.923149
2019,treated,70.365349
2019,treated,71.423485
2019,treated,71.615387
2019,treated,77.483574
2019,treated,75.9953
2019,treated,79.067589
2019,treated,75.865906
2019,treated,70.803909
2019,treated,69.285149
2019,treated,71.428246
2019,treated,79.248009
2019,treated,71.774399
2019,treated,78.873169
2019,treated,75.872887
2019,treated,67.938484
2019,treated,70.957535
2019,treated,84.430931
2019,treated,68.111656
2019,treated,76.480598
2019,treated,75.051163
2019,treated,79.135918
2019,treated,71.461655
2019,treated,69.611275
2019,treated,61.901276
2019,treated,73.423653
2019,treated,73.829315
2019,treated,70.988617
2019,treated,74.038193
2019,treated,74.93251
2019,treated,73.541534
2019,treated,73.959389
2019,treated,68.761086
2019,treated,67.682426
2019,treated,78.431297
2019,treated,74.421761
2019,treated,66.375412
2019,treated,74.820869
2019,treated,81.781197
2019,treated,78.397987
2019,treated,77.219101
2019,treated,88.600845
2019,treated,70.896591
2019,treated,72.491219
2019,treated,76.785561
2019,treated,76.404961
2019,treated,76.252464
2019,treated,83.162056
2019,treated,72.48262
2019,treated,73.871117
2019,treated,67.246681
2019,treated,77.941589
2019,treated,87.316208
2019,treated,75.458801
2019,treated,80.269012
2019,treated,73.28643
2019,treated,71.99147
2019,treated,77.566338
2019,treated,72.278084
2019,treated,75.49826
2019,treated,82.013969
2019,treated,75.48539
2019,treated,76.571236
2019,treated,71.489731
2019,treated,72.578827
2019,treated,76.806976
2019,treated,76.878487
2019,treated,75.567589
2019,treated,71.733353
2019,treated,75.932274
2019,treated,72.799774
2019,treated,75.025566
2019,treated,82.896065
2019,treated,80.792976
2019,treated,79.281998
2019,treated,65.663673
2019,treated,76.044319
2019,treated,80.677826
2019,treated,69.935844
2019,treated,69.04348
2019,treated,78.935425
2019,treated,79.064308
2019,treated,73.504967
2019,treated,77.412361
2019,treated,77.020256
2019,treated,75.301147
2019,treated,73.73716
2019,treated,74.826439
2019,treated,72.696808
2019,treated,78.169594
2019,treated,78.282768
2019,treated,69.018967
2019,treated,71.886505
2019,treated,75.554611
2019,treated,78.837173
2019,treated,74.70237
2019,treated,78.794846
2019,treated,65.201653
2019,treated,74.635857
2019,treated,79.06263
2019,treated,79.577011
2019,treated,85.610779
2019,treated,72.351196
2019,treated,80.714111
2019,treated,73.361687
2019,treated,79.262169
2019,treated,77.803925
2019,treated,64.87429
2019,treated,76.484924
2019,treated,72.16851
2019,treated,67.403152
2019,treated,77.369164
2019,treated,75.984306
2019,treated,77.609711
2019,treated,76.620422
2019,treated,74.426315
2019,treated,67.425766
2019,treated,80.285614
2019,treated,84.483963
2019,treated,79.877724
2019,treated,77.310516
2019,treated,70.580711
2019,treated,68.771309
2019,treated,72.573181
2019,treated,74.614494
2019,treated,78.256958
2019,treated,76.536499
2019,treated,73.773056
2019,treated,74.193573
2019,treated,68.810921
2019,treated,76.507736
2019,treated,76.299416
2019,treated,83.827271
2019,treated,79.816879
2019,treated,70.047318
2019,treated,80.444756
2019,treated,82.26767
2019,treated,82.206367
2019,treated,71.599876
2019,treated,73.676712
2019,treated,78.57
2019,treated,70.402878
2019,treated,77.063904
2019,treated,67.990746
2019,treated,71.691071
2019,treated,80.017662
2019,treated,72.604126
2019,treated,68.39772
2019,treated,76.705757
2019,treated,71.998917
2019,treated,80.162323
2019,treated,68.815247
2019,treated,81.535713
2019,treated,76.070465
2019,treated,74.071709
2019,treated,71.231316
2019,treated,70.459877
2019,treated,71.037399
2019,treated,75.923172
2019,treated,82.823219
2019,treated,73.039459
2019,treated,74.867432
2019,treated,77.854454
2019,treated,69.156609
2019,treated,77.712799
2019,treated,70.552429
2019,treated,76.383453
2019,treated,67.607391
2019,treated,69.711449
2019,treated,76.082291
2019,treated,71.741997
2019,treated,68.99852
2019,treated,74.241074
2019,treated,69.468323
2019,treated,71.083733
2019,treated,70.766029
2019,treated,78.238441
2019,treated,72.625275
2019,treated,79.843224
2019,treated,65.239563
2019,treated,73.494484
2019,treated,73.327492
2019,treated,76.808182
2019,treated,79.656403
2019,treated,79.498001
2019,treated,75.06501
2019,treated,80.415253
2019,treated,70.126595
2019,treated,67.849297
2019,treated,66.936424
2019,treated,85.719719
2019,treated,79.110298
2019,treated,73.074585
2019,treated,76.137299
2019,treated,73.389694
2019,treated,69.245033
2019,treated,78.759666
2019,treated,76.643753
2019,treated,75.435234
2019,treated,78.310654
2019,treated,72.896774
2019,treated,77.568932
2019,treated,58.793663
2019,treated,71.535454
2019,treated,71.40078
2019,treated,77.57518
2019,treated,94.263657
2019,treated,75.337639
2019,treated,71.348167
2019,treated,65.062157
2019,treated,72.053177
2019,treated,75.349007
2019,treated,78.692329
2019,treated,75.40937
2019,treated,72.534996
2019,treated,84.261391
2019,treated,73.829231
2019,treated,70.310875
2019,treated,82.61515
2019,treated,79.770012
2019,treated,70.920952
2019,treated,73.827065
2019,treated,79.58931
2019,treated,82.389473
2019,treated,68.69558
2019,treated,73.901642
2019,treated,74.639946
2019,treated,78.128334
2019,treated,79.328773
2020,treated,81.727097
2020,treated,71.936058
2020,treated,78.409454
2020,treated,73.45414
2020,treated,80.543518
2020,treated,84.244781
2020,treated,78.030052
2020,treated,73.142799
2020,treated,72.275406
2020,treated,72.606255
2020,treated,68.550194
2020,treated,87.634659
2020,treated,72.688622
2020,treated,74.722076
2020,treated,70.008232
2020,treated,82.046738
2020,treated,72.411942
2020,treated,80.159225
2020,treated,75.546974
2020,treated,71.131058
2020,treated,69.354744
2020,treated,73.59108
2020,treated,71.813065
2020,treated,82.266922
2020,treated,78.784943
2020,treated,71.865166
2020,treated,80.470955
2020,treated,71.8843
2020,treated,75.480606
2020,treated,79.691422
2020,treated,64.590355
2020,treated,72.345016
2020,treated,75.733566
2020,treated,72.801346
2020,treated,80.268211
2020,treated,66.1064
2020,treated,79.169609
2020,treated,80.945084
2020,treated,74.278198
2020,treated,74.164406
2020,treated,75.83226
2020,treated,70.051979
2020,treated,82.102524
2020,treated,71.435768
2020,treated,74.516434
2020,treated,75.53215
2020,treated,74.836235
2020,treated,67.484283
2020,treated,83.32737
2020,treated,69.386391
2020,treated,67.572197
2020,treated,74.209961
2020,treated,72.552803
2020,treated,70.406738
2020,treated,80.746368
2020,treated,75.646103
2020,treated,72.121811
2020,treated,82.965935
2020,treated,79.913452
2020,treated,73.452271
2020,treated,61.745152
2020,treated,74.075493
2020,treated,80.220802
2020,treated,71.942413
2020,treated,78.501549
2020,treated,65.795631
2020,treated,76.171074
2020,treated,73.930054
2020,treated,76.399841
2020,treated,71.161011
2020,treated,66.537674
2020,treated,66.449158
2020,treated,79.620132
2020,treated,73.321075
2020,treated,70.526962
2020,treated,78.564995
2020,treated,78.243553
2020,treated,82.737526
2020,treated,70.120636
2020,treated,78.481033
2020,treated,77.536369
2020,treated,74.917885
2020,treated,71.875908
2020,treated,73.061493
2020,treated,84.410126
2020,treated,72.146271
2020,treated,66.695198
2020,treated,78.271828
2020,treated,67.42128
2020,treated,78.162041
2020,treated,67.96244
2020,treated,70.915321
2020,treated,73.203537
2020,treated,78.103363
2020,treated,76.630669
2020,treated,73.185806
2020,treated,73.725113
2020,treated,72.265709
2020,treated,77.405045
2020,treated,84.38398
2020,treated,76.900986
2020,treated,83.979385
2020,treated,69.979294
2020,treated,75.141594
2020,treated,79.115852
2020,treated,78.079681
2020,treated,77.221313
2020,treated,72.899063
2020,treated,82.647751
2020,treated,81.278778
2020,treated,71.371284
2020,treated,76.110672
2020,treated,78.716324
2020,treated,69.594681
2020,treated,74.879372
2020,treated,75.571136
2020,treated,77.446877
2020,treated,70.108139
2020,treated,81.778191
2020,treated,73.845329
2020,treated,78.62883
2020,treated,75.982773
2020,treated,73.181938
2020,treated,76.357895
2020,treated,82.897858
2020,treated,76.445847
2020,treated,78.052925
2020,treated,73.125893
2020,treated,72.301201
2020,treated,75.278625
2020,treated,82.519966
2020,treated,76.280151
2020,treated,80.632828
2020,treated,69.939476
2020,treated,66.487083
2020,treated,80.941963
2020,treated,73.771286
2020,treated,77.295898
2020,treated,79.921616
2020,treated,78.164658
2020,treated,74.834366
2020,treated,84.062241
2020,treated,79.678391
2020,treated,77.148094
2020,treated,78.60836
2020,treated,68.103401
2020,treated,74.64917
2020,treated,78.109047
2020,treated,76.539009
2020,treated,83.345108
2020,treated,77.953278
2020,treated,75.751511
2020,treated,80.4039
2020,treated,72.385696
2020,treated,72.131691
2020,treated,75.296089
2020,treated,82.480225
2020,treated,81.910797
2020,treated,85.051025
2020,treated,68.259071
2020,treated,74.519699
2020,treated,79.86277
2020,treated,74.371063
2020,treated,73.762405
2020,treated,69.467369
2020,treated,87.800423
2020,treated,80.796646
2020,treated,86.494492
2020,treated,74.825058
2020,treated,76.014618
2020,treated,74.728523
2020,treated,75.854324
2020,treated,80.457535
2020,treated,84.233536
2020,treated,76.737907
2020,treated,71.223083
2020,treated,69.372551
2020,treated,74.065643
2020,treated,72.419777
2020,treated,82.234886
2020,treated,77.965508
2020,treated,68.889359
2020,treated,73.79837
2020,treated,77.357079
2020,treated,72.772484
2020,treated,72.377396
2020,treated,77.041267
2020,treated,77.067177
2020,treated,75.979225
2020,treated,72.386383
2020,treated,72.413559
2020,treated,78.538757
2020,treated,76.038437
2020,treated,67.957695
2020,treated,76.119423
2020,treated,75.148781
2020,treated,72.222618
2020,treated,76.912048
2020,treated,80.333374
2020,treated,68.524605
2020,treated,67.966698
2020,treated,68.32328
2020,treated,71.484116
2020,treated,71.04763
2020,treated,69.594719
2020,treated,75.366592
2020,treated,68.744431
2020,treated,71.110916
2020,treated,70.838219
2020,treated,80.3274
2020,treated,68.241577
2020,treated,80.071854
2020,treated,61.515568
2020,treated,68.616257
2020,treated,74.802223
2020,treated,77.79895
2020,treated,75.990425
2020,treated,76.672287
2020,treated,71.364311
2020,treated,72.827522
2020,treated,87.276497
2020,treated,88.161911
2020,treated,76.118942
2020,treated,76.335251
2020,treated,76.995682
2020,treated,79.34803
2020,treated,81.357773
2020,treated,74.752678
2020,treated,70.708214
2020,treated,74.627831
2020,treated,83.773972
2020,treated,73.195168
2020,treated,79.102409
2020,treated,67.216858
2020,treated,68.277748
2020,treated,75.411423
2020,treated,70.383835
2020,treated,80.265762
2020,treated,77.362984
2020,treated,64.633049
2020,treated,72.238884
2020,treated,67.14888
2020,treated,75.924179
2020,treated,81.230423
2020,treated,71.811302
2020,treated,87.22876
2020,treated,74.115265
2020,treated,76.429329
2020,treated,80.245049
2020,treated,78.554802
2020,treated,68.597855
2020,treated,68.602112
2020,treated,81.032547
2020,treated,70.389175
2020,treated,75.610046
2020,treated,74.826576
2020,treated,83.854004
2020,treated,80.145775
2020,treated,73.28656
2020,treated,70.253006
2020,treated,77.91964
2020,treated,75.888504
2020,treated,77.588295
2020,treated,77.466591
2020,treated,80.51651
2020,treated,72.345657
2020,treated,75.93383
2020,treated,78.3741
2020,treated,68.776726
2020,treated,75.069649
2020,treated,72.187668
2020,treated,78.407501
2020,treated,74.080086
2020,treated,83.761353
2020,treated,74.715271
2020,treated,75.092171
2020,treated,69.447121
2020,treated,78.292725
2020,treated,83.482285
2020,treated,75.130455
2020,treated,76.055084
2020,treated,72.865593
2020,treated,73.702042
2020,treated,66.725716
2020,treated,71.478279
2020,treated,79.448151
2020,treated,72.282875
2020,treated,71.345352
2020,treated,73.655556
2020,treated,74.811829
2020,treated,73.636383
2020,treated,77.357346
2020,treated,71.008514
2020,treated,87.866798
2020,treated,80.846481
2020,treated,77.462257
2020,treated,72.443924
2020,treated,82.752502
2020,treated,71.108475
2020,treated,83.972786
2021,treated,77.716492
2021,treated,83.036728
2021,treated,82.453629
2021,treated,81.448761
2021,treated,76.905792
2021,treated,78.365906
2021,treated,78.540543
2021,treated,74.558586
2021,treated,74.329918
2021,treated,87.790993
2021,treated,72.232056
2021,treated,83.747887
2021,treated,71.474937
2021,treated,75.160019
2021,treated,70.562538
2021,treated,71.971428
2021,treated,78.674393
2021,treated,79.6716
2021,treated,77.931824
2021,treated,79.088829
2021,treated,81.951035
2021,treated,80.953232
2021,treated,73.954887
2021,treated,83.511078
2021,treated,62.044788
2021,treated,77.095093
2021,treated,83.141983
2021,treated,73.756546
2021,treated,75.846802
2021,treated,69.674431
2021,treated,75.106361
2021,treated,85.066933
2021,treated,71.78241
2021,treated,79.819397
2021,treated,73.135834
2021,treated,80.982857
2021,treated,67.908173
2021,treated,76.123421
2021,treated,82.642342
2021,treated,83.388504
2021,treated,81.508705
2021,treated,68.140495
2021,treated,75.140907
2021,treated,75.916801
2021,treated,80.92852
2021,treated,72.08461
2021,treated,79.783508
2021,treated,69.765442
2021,treated,74.073563
2021,treated,73.059113
2021,treated,75.960243
2021,treated,81.065491
2021,treated,65.990097
2021,treated,75.073441
2021,treated,67.371719
2021,treated,86.052612
2021,treated,77.223015
2021,treated,75.170418
2021,treated,71.743217
2021,treated,73.54863
2021,treated,85.825012
2021,treated,78.241402
2021,treated,73.104362
2021,treated,79.747772
2021,treated,79.98024
2021,treated,74.395256
2021,treated,71.150131
2021,treated,71.753609
2021,treated,77.64846
2021,treated,81.041832
2021,treated,76.412903
2021,treated,67.22052
2021,treated,74.350899
2021,treated,75.202957
2021,treated,72.783592
2021,treated,74.443871
2021,treated,77.279442
2021,treated,80.456551
2021,treated,77.539177
2021,treated,76.49646
2021,treated,76.959023
2021,treated,77.43251
2021,treated,76.342964
2021,treated,79.192451
2021,treated,73.473877
2021,treated,75.802872
2021,treated,72.852974
2021,treated,82.653755
2021,treated,67.605446
2021,treated,81.238708
2021,treated,73.615936
2021,treated,77.789055
2021,treated,73.454414
2021,treated,75.380028
2021,treated,76.870285
2021,treated,81.31292
2021,treated,77.373489
2021,treated,79.07869
2021,treated,71.952438
2021,treated,74.06514
2021,treated,67.931427
2021,treated,75.708588
2021,treated,70.50766
2021,treated,77.691483
2021,treated,71.407967
2021,treated,74.125198
2021,treated,82.710548
2021,treated,73.386604
2021,treated,76.654404
2021,treated,83.634819
2021,treated,84.130051
2021,treated,76.973358
2021,treated,75.905106
2021,treated,76.16893
2021,treated,71.932983
2021,treated,82.35585
2021,treated,66.93219
2021,treated,69.48317
2021,treated,74.86348
2021,treated,77.693779
2021,treated,78.045692
2021,treated,65.81897
2021,treated,83.55854
2021,treated,78.611908
2021,treated,76.203766
2021,treated,70.303322
2021,treated,73.417961
2021,treated,69.062004
2021,treated,70.396629
2021,treated,72.091599
2021,treated,73.876175
2021,treated,68.951523
2021,treated,74.164391
2021,treated,73.932785
2021,treated,75.923401
2021,treated,69.538437
2021,treated,76.60849
2021,treated,75.92276
2021,treated,71.951088
2021,treated,76.966591
2021,treated,71.32235
2021,treated,77.827545
2021,treated,79.639198
2021,treated,75.682678
2021,treated,75.667702
2021,treated,75.244301
2021,treated,75.283249
2021,treated,73.745834
2021,treated,82.807556
2021,treated,75.015228
2021,treated,75.626122
2021,treated,77.707314
2021,treated,74.237648
2021,treated,72.21254
2021,treated,74.954407
2021,treated,72.812706
2021,treated,78.168884
2021,treated,70.480461
2021,treated,77.844917
2021,treated,67.890945
2021,treated,74.135269
2021,treated,77.999641
2021,treated,72.178764
2021,treated,71.490044
2021,treated,80.429482
2021,treated,85.030464
2021,treated,70.803955
2021,treated,76.33696
2021,treated,85.725746
2021,treated,71.075508
2021,treated,73.17524
2021,treated,69.926216
2021,treated,71.535477
2021,treated,72.117447
2021,treated,74.923454
2021,treated,78.766708
2021,treated,74.874863
2021,treated,76.998436
2021,treated,74.505554
2021,treated,69.483955
2021,treated,81.093811
2021,treated,78.389626
2021,treated,65.122665
2021,treated,76.394974
2021,treated,68.780685
2021,treated,79.474625
2021,treated,68.343834
2021,treated,83.195587
2021,treated,70.823265
2021,treated,67.575508
2021,treated,87.898544
2021,treated,72.097382
2021,treated,71.23291
2021,treated,70.575989
2021,treated,81.191414
2021,treated,73.89373
2021,treated,76.537033
2021,treated,71.632545
2021,treated,77.068993
2021,treated,69.149437
2021,treated,69.775955
2021,treated,79.167648
2021,treated,77.962631
2021,treated,80.199524
2021,treated,66.19619
2021,treated,62.230392
2021,treated,71.659546
2021,treated,73.173393
2021,treated,78.314407
2021,treated,79.595383
2021,treated,72.56044
2021,treated,66.195953
2021,treated,74.207352
2021,treated,77.299858
2021,treated,76.549103
2021,treated,75.051765
2021,treated,81.180466
2021,treated,77.184692
2021,treated,74.279564
2021,treated,70.134659
2021,treated,85.307518
2021,treated,70.14193
2021,treated,70.747398
2021,treated,74.264992
2021,treated,79.960213
2021,treated,71.216026
2021,treated,68.880302
2021,treated,68.951797
2021,treated,80.983154
2021,treated,83.349525
2021,treated,81.002068
2021,treated,81.138344
2021,treated,77.539955
2021,treated,74.647507
2021,treated,71.070053
2021,treated,73.487648
2021,treated,80.867371
2021,treated,82.506668
2021,treated,67.986977
2021,treated,68.150986
2021,treated,75.5979
2021,treated,73.953384
2021,treated,77.791634
2021,treated,80.362534
2021,treated,78.594765
2021,treated,79.662956
2021,treated,85.786545
2021,treated,77.097664
2021,treated,64.23555
2021,treated,80.120316
2021,treated,71.221275
2021,treated,71.71553
2021,treated,77.682549
2021,treated,69.020584
2021,treated,77.942894
2021,treated,72.268776
2021,treated,72.356918
2021,treated,71.971924
2021,treated,70.981628
2021,treated,72.240707
2021,treated,74.721153
2021,treated,81.640968
2021,treated,68.264366
2021,treated,76.942894
2021,treated,73.314568
2021,treated,71.61142
2021,treated,75.219055
2021,treated,77.896454
2021,treated,68.87851
2021,treated,68.440819
2021,treated,74.969643
2021,treated,76.544167
2021,treated,75.611488
2021,treated,87.464996
2021,treated,70.333664
2021,treated,78.795776
2021,treated,75.409149
2021,treated,86.596649
2021,treated,78.71048
2021,treated,75.852081
2021,treated,73.525253
2021,treated,75.285065
2021,treated,68.515839
2021,treated,73.982101
2021,treated,77.454872
2021,treated,75.74334
2021,treated,71.685493
2021,treated,68.165604
2021,treated,65.168221
2021,treated,73.001816
2021,treated,83.362862
2021,treated,74.307716
2021,treated,71.654633
2021,treated,75.322372
2021,treated,65.031319
2021,treated,85.281036
2021,treated,88.008415
2021,treated,77.683266
2021,treated,79.302368
2021,treated,77.781151
2022,treated,75.459831
2022,treated,77.443291
2022,treated,80.177094
2022,treated,78.048294
2022,treated,82.668854
2022,treated,79.967781
2022,treated,76.030869
2022,treated,77.001038
2022,treated,80.111038
2022,treated,83.978416
2022,treated,84.054665
2022,treated,73.154289
2022,treated,73.061081
2022,treated,76.953499
2022,treated,76.328606
2022,treated,72.064102
2022,treated,78.386887
2022,treated,78.066467
2022,treated,79.543625
2022,treated,74.749054
2022,treated,76.470261
2022,treated,78.952324
2022,treated,78.502373
2022,treated,74.379555
2022,treated,71.471474
2022,treated,67.994713
2022,treated,78.335632
2022,treated,77.29966
2022,treated,75.360527
2022,treated,78.885506
2022,treated,81.089447
2022,treated,81.254486
2022,treated,79.778023
2022,treated,73.76886
2022,treated,73.186378
2022,treated,77.542801
2022,treated,81.847282
2022,treated,78.435623
2022,treated,75.057411
2022,treated,71.545166
2022,treated,72.59063
2022,treated,82.428932
2022,treated,71.640717
2022,treated,82.605156
2022,treated,73.45797
2022,treated,84.993233
2022,treated,83.328537
2022,treated,71.281372
2022,treated,75.944351
2022,treated,74.459297
2022,treated,75.953888
2022,treated,73.135612
2022,treated,76.483894
2022,treated,77.384262
2022,treated,82.633522
2022,treated,76.463486
2022,treated,73.526436
2022,treated,75.419632
2022,treated,88.156502
2022,treated,79.035263
2022,treated,79.38179
2022,treated,72.914558
2022,treated,78.848213
2022,treated,77.761772
2022,treated,72.669128
2022,treated,76.621178
2022,treated,62.298058
2022,treated,76.906456
2022,treated,74.618896
2022,treated,82.162727
2022,treated,69.485146
2022,treated,66.98069
2022,treated,72.97065
2022,treated,76.159279
2022,treated,74.94593
2022,treated,74.630806
2022,treated,75.041756
2022,treated,77.032112
2022,treated,67.590752
2022,treated,82.865623
2022,treated,75.706017
2022,treated,76.261101
2022,treated,73.792595
2022,treated,90.221718
2022,treated,80.967445
2022,treated,78.312805
2022,treated,82.504799
2022,treated,73.911743
2022,treated,78.196236
2022,treated,76.243637
2022,treated,82.944565
2022,treated,70.101906
2022,treated,82.195557
2022,treated,78.75724
2022,treated,73.646896
2022,treated,71.030373
2022,treated,81.631081
2022,treated,78.540253
2022,treated,80.279503
2022,treated,74.02169
2022,treated,75.149948
2022,treated,79.527351
2022,treated,79.605614
2022,treated,66.240921
2022,treated,69.780724
2022,treated,79.804596
2022,treated,81.826988
2022,treated,68.962204
2022,treated,70.896439
2022,treated,86.505951
2022,treated,73.624107
2022,treated,82.620567
2022,treated,77.489914
2022,treated,72.951981
2022,treated,81.054039
2022,treated,75.875717
2022,treated,76.853683
2022,treated,84.113739
2022,treated,82.301048
2022,treated,72.903709
2022,treated,79.731422
2022,treated,72.664352
2022,treated,79.159615
2022,treated,77.464226
2022,treated,75.657349
2022,treated,80.226074
2022,treated,71.861626
2022,treated,73.037903
2022,treated,83.803291
2022,treated,75.284042
2022,treated,73.937813
2022,treated,71.305832
2022,treated,83.194733
2022,treated,80.006035
2022,treated,80.484772
2022,treated,75.569977
2022,treated,61.902439
2022,treated,82.002914
2022,treated,74.037682
2022,treated,85.061104
2022,treated,68.257339
2022,treated,76.833847
2022,treated,77.094246
2022,treated,76.743034
2022,treated,81.475189
2022,treated,68.134834
2022,treated,77.00264
2022,treated,78.443466
2022,treated,77.447906
2022,treated,77.799278
2022,treated,69.231209
2022,treated,76.867973
2022,treated,73.709419
2022,treated,80.296227
2022,treated,77.843277
2022,treated,76.507057
2022,treated,77.733963
2022,treated,65.519096
2022,treated,74.818069
2022,treated,76.927742
2022,treated,74.639549
2022,treated,73.89576
2022,treated,69.431427
2022,treated,72.471336
2022,treated,87.370415
2022,treated,70.270645
2022,treated,77.006027
2022,treated,77.973679
2022,treated,72.887901
2022,treated,81.125488
2022,treated,80.352402
2022,treated,76.872131
2022,treated,79.209702
2022,treated,78.962082
2022,treated,78.301613
2022,treated,76.277405
2022,treated,82.280281
2022,treated,67.984299
2022,treated,74.247314
2022,treated,72.403076
2022,treated,80.625481
2022,treated,72.544037
2022,treated,86.002556
2022,treated,80.107857
2022,treated,78.400803
2022,treated,64.805916
2022,treated,73.27549
2022,treated,77.91925
2022,treated,85.662575
2022,treated,73.866417
2022,treated,83.962326
2022,treated,80.541069
2022,treated,81.035614
2022,treated,76.357315
2022,treated,81.371948
2022,treated,79.120308
2022,treated,74.455185
2022,treated,76.313141
2022,treated,74.189163
2022,treated,78.2687
2022,treated,75.46019
2022,treated,80.541519
2022,treated,68.687538
2022,treated,75.925392
2022,treated,81.002045
2022,treated,77.714714
2022,treated,66.321632
2022,treated,73.731171
2022,treated,77.967949
2022,treated,79.56543
2022,treated,81.765625
2022,treated,83.019424
2022,treated,90.798302
2022,treated,83.872192
2022,treated,76.343712
2022,treated,76.558182
2022,treated,74.733757
2022,treated,76.184662
2022,treated,81.824257
2022,treated,74.256378
2022,treated,73.404236
2022,treated,68.582809
2022,treated,80.190254
2022,treated,81.765686
2022,treated,75.959419
2022,treated,79.238586
2022,treated,69.145622
2022,treated,82.350754
2022,treated,83.521698
2022,treated,83.551544
2022,treated,80.739548
2022,treated,78.166084
2022,treated,79.580894
2022,treated,75.151947
2022,treated,81.595772
2022,treated,71.548004
2022,treated,74.086205
2022,treated,75.677429
2022,treated,68.154617
2022,treated,71.031815
2022,treated,76.013306
2022,treated,80.771454
2022,treated,70.852249
2022,treated,75.330902
2022,treated,83.180656
2022,treated,69.094048
2022,treated,77.98658
2022,treated,81.4842
2022,treated,74.286629
2022,treated,70.828255
2022,treated,81.147377
2022,treated,75.522598
2022,treated,85.876556
2022,treated,67.1035
2022,treated,78.326813
2022,treated,72.132271
2022,treated,74.673447
2022,treated,71.636284
2022,treated,79.135971
2022,treated,76.45195
2022,treated,92.688744
2022,treated,72.141716
2022,treated,83.309608
2022,treated,85.077911
2022,treated,78.345634
2022,treated,79.483498
2022,treated,76.725533
2022,treated,64.348564
2022,treated,70.803711
2022,treated,84.262337
2022,treated,75.749771
2022,treated,81.311966
2022,treated,76.025459
2022,treated,70.455894
2022,treated,80.8983
2022,treated,76.328453
2022,treated,79.338463
2022,treated,81.687851
2022,treated,74.541817
2022,treated,72.300484
2022,treated,81.737633
2022,treated,76.302765
2022,treated,67.531929
2022,treated,78.807518
2022,treated,82.630249
2022,treated,76.696693
2022,treated,80.078857
2022,treated,76.867393
2022,treated,79.504219
2022,treated,73.749985
2022,treated,78.116196
2022,treated,69.079323
2022,treated,71.366165
2022,treated,77.775955
2022,treated,86.79174
2022,treated,78.63372
2022,treated,74.584694
2022,treated,74.95359
2022,treated,75.481369
2022,treated,78.427773
2023,treated,75.853043
2023,treated,71.258682
2023,treated,69.322136
2023,treated,80.410263
2023,treated,70.717468
2023,treated,80.128151
2023,treated,79.048813
2023,treated,84.052299
2023,treated,75.064346
2023,treated,75.851006
2023,treated,84.320885
2023,treated,72.742966
2023,treated,77.884102
2023,treated,76.967392
2023,treated,81.436455
2023,treated,69.757042
2023,treated,76.930809
2023,treated,75.845665
2023,treated,80.44854
2023,treated,84.279114
2023,treated,72.419037
2023,treated,86.354828
2023,treated,70.111916
2023,treated,77.126945
2023,treated,74.099731
2023,treated,73.93882
2023,treated,79.744423
2023,treated,72.524651
2023,treated,79.761497
2023,treated,80.951859
2023,treated,81.840919
2023,treated,77.379776
2023,treated,73.710831
2023,treated,78.056419
2023,treated,82.408836
2023,treated,75.605186
2023,treated,74.913162
2023,treated,72.761833
2023,treated,70.837387
2023,treated,75.457588
2023,treated,79.368164
2023,treated,78.317436
2023,treated,82.357719
2023,treated,73.966499
2023,treated,81.292259
2023,treated,75.827965
2023,treated,69.34446
2023,treated,78.302208
2023,treated,81.240868
2023,treated,78.197021
2023,treated,81.297943
2023,treated,82.482346
2023,treated,71.387276
2023,treated,71.574249
2023,treated,76.682381
2023,treated,78.748253
2023,treated,77.016876
2023,treated,80.659355
2023,treated,75.95343
2023,treated,73.070068
2023,treated,67.617233
2023,treated,74.485123
2023,treated,74.784782
2023,treated,84.436234
2023,treated,77.078094
2023,treated,78.519096
2023,treated,71.122025
2023,treated,76.128227
2023,treated,70.306969
2023,treated,73.547295
2023,treated,73.739555
2023,treated,79.100471
2023,treated,74.252213
2023,treated,76.785881
2023,treated,72.999809
2023,treated,79.411247
2023,treated,72.258263
2023,treated,83.000397
2023,treated,89.133583
2023,treated,79.346336
2023,treated,67.60038
2023,treated,83.374374
2023,treated,85.793106
2023,treated,72.872948
2023,treated,76.88224
2023,treated,74.540489
2023,treated,67.401634
2023,treated,81.485329
2023,treated,81.621353
2023,treated,71.540329
2023,treated,70.367638
2023,treated,76.327515
2023,treated,73.183571
2023,treated,79.853065
2023,treated,79.553963
2023,treated,78.556541
2023,treated,84.266304
2023,treated,79.910133
2023,treated,69.175987
2023,treated,74.266602
2023,treated,87.282715
2023,treated,75.329613
2023,treated,70.438904
2023,treated,75.826897
2023,treated,80.607811
2023,treated,88.819359
2023,treated,81.511383
2023,treated,86.046532
2023,treated,83.702309
2023,treated,79.993973
2023,treated,77.8592
2023,treated,77.87606
2023,treated,70.387711
2023,treated,70.164314
2023,treated,80.341705
2023,treated,75.524551
2023,treated,85.596893
2023,treated,76.07737
2023,treated,67.186874
2023,treated,77.986458
2023,treated,79.498428
2023,treated,82.106918
2023,treated,86.962578
2023,treated,72.40657
2023,treated,79.164803
2023,treated,78.669296
2023,treated,80.098557
2023,treated,84.689659
2023,treated,84.016853
2023,treated,79.777565
2023,treated,72.658539
2023,treated,74.176132
2023,treated,76.734398
2023,treated,77.419136
2023,treated,78.403183
2023,treated,80.255684
2023,treated,83.187187
2023,treated,71.916588
2023,treated,74.816177
2023,treated,81.148659
2023,treated,80.464592
2023,treated,73.421204
2023,treated,71.90168
2023,treated,81.706551
2023,treated,77.191193
2023,treated,76.664108
2023,treated,71.95723
2023,treated,81.59227
2023,treated,81.345779
2023,treated,77.274673
2023,treated,83.907272
2023,treated,63.821262
2023,treated,80.783943
2023,treated,72.368095
2023,treated,77.428436
2023,treated,75.641724
2023,treated,65.765556
2023,treated,70.403763
2023,treated,76.342636
2023,treated,73.970695
2023,treated,78.948074
2023,treated,82.621765
2023,treated,73.329132
2023,treated,81.879082
2023,treated,75.152367
2023,treated,80.52253
2023,treated,73.551361
2023,treated,83.223396
2023,treated,78.860527
2023,treated,74.713493
2023,treated,78.70295
2023,treated,75.601196
2023,treated,78.945793
2023,treated,65.903496
2023,treated,74.959496
2023,treated,73.823189
2023,treated,79.673149
2023,treated,80.034256
2023,treated,82.236588
2023,treated,73.516144
2023,treated,75.35276
2023,treated,76.803467
2023,treated,79.316032
2023,treated,72.372879
2023,treated,73.452103
2023,treated,75.992546
2023,treated,91.926292
2023,treated,78.989632
2023,treated,70.50209
2023,treated,74.305794
2023,treated,71.345558
2023,treated,79.409332
2023,treated,79.860291
2023,treated,72.840889
2023,treated,79.823029
2023,treated,75.489769
2023,treated,78.675293
2023,treated,81.056984
2023,treated,81.451241
2023,treated,68.967117
2023,treated,75.779594
2023,treated,80.110352
2023,treated,77.476723
2023,treated,81.272629
2023,treated,78.700256
2023,treated,78.471123
2023,treated,71.837379
2023,treated,73.166718
2023,treated,84.156837
2023,treated,79.757378
2023,treated,83.117844
2023,treated,72.46122
2023,treated,71.311569
2023,treated,78.953476
2023,treated,76.782616
2023,treated,74.534386
2023,treated,84.59642
2023,treated,85.367264
2023,treated,80.713409
2023,treated,73.871613
2023,treated,91.745476
2023,treated,75.682762
2023,treated,80.395714
2023,treated,90.103966
2023,treated,70.707474
2023,treated,76.748978
2023,treated,72.02092
2023,treated,78.276917
2023,treated,83.644669
2023,treated,80.416641
2023,treated,78.126541
2023,treated,77.18969
2023,treated,78.357475
2023,treated,82.152901
2023,treated,71.930519
2023,treated,77.290115
2023,treated,70.244629
2023,treated,72.412483
2023,treated,81.242157
2023,treated,80.257607
2023,treated,81.984291
2023,treated,79.571274
2023,treated,85.747917
2023,treated,76.372726
2023,treated,69.070084
2023,treated,80.062347
2023,treated,76.772942
2023,treated,81.066025
2023,treated,75.72522
2023,treated,81.093887
2023,treated,65.972168
2023,treated,70.538689
2023,treated,73.97628
2023,treated,70.09478
2023,treated,71.551834
2023,treated,73.391312
2023,treated,79.413437
2023,treated,80.489517
2023,treated,79.360008
2023,treated,81.130234
2023,treated,78.58078
2023,treated,78.83741
2023,treated,79.766258
2023,treated,78.639397
2023,treated,73.076187
2023,treated,76.689041
2023,treated,70.811691
2023,treated,71.440163
2023,treated,75.501617
2023,treated,75.914917
2023,treated,78.48288
2023,treated,75.34346
2023,treated,72.52327
2023,treated,80.945282
2023,treated,79.315926
2023,treated,79.2864
2023,treated,69.972168
2023,treated,77.953178
2023,treated,84.218163
2023,treated,79.73632
2023,treated,85.499786
2023,treated,75.147461
2023,treated,82.08831
2023,treated,75.9851
2023,treated,81.609009
2023,treated,72.694557
2023,treated,79.986137
2023,treated,73.081169
2023,treated,75.909767
2023,treated,75.43235
2023,treated,82.364891
2023,treated,71.051666
2023,treated,78.639107
2023,treated,74.602531
2023,treated,77.409981
2023,treated,70.771416
2023,treated,73.878273
2023,treated,82.847946
2023,treated,77.429466
2023,treated,87.442215
